{"restaurants":[{"name":"Silver Diner","open":"7:00 AM","close":"11:00 PM","time":10,"menu":["salmon","burger","chocolate milkshake","pancakes","french toast","chicken alfredo","shrimp and grits"],"platforms":["Uber Eats","DoorDash","Postmates","Instacart"]},{"name":"Maiwand Kabob","open":"10:00 AM","close":"9:00 PM","time":22,"menu":["butter chicken","basmati rice","lamb","chickpeas","samosas"],"platforms":["Postmates","GrubHub"]},{"name":"Pizza Hut","open":"10:00 AM","close":"1:00 AM","time":14,"menu":["pizza","calzone","cheesy breadsticks"],"platforms":["GrubHub","DoorDash","Uber Eats","Instacart"]},{"name":"Dunkin Donuts","open":"6:00 AM","close":"11:00 PM","time":20,"menu":["chocolate frosted donut","vanilla milkshake","breakfast sandwich"],"platforms":["GrubHub","DoorDash","Uber Eats","Instacart"]},{"name":"McDonald's","open":"4:00 AM","close":"2:00 AM","time":11,"menu":["chicken nuggets","chicken sandwich","fries","Oreo milkshake"],"platforms":["GrubHub","Postmates","DoorDash","Uber Eats","Instacart"]},{"name":"Denny's","open":"5:00 AM","close":"1:00 AM","time":20,"menu":["pancakes","french toast","waffle","eggs","bacon"],"platforms":["Postmates","DoorDash","Uber Eats"]},{"name":"Cheescake Factory","open":"10:00 AM","close":"11:00 PM","time":28,"menu":["cheesecake","chicken marsala","salmon","iced tea","lemonade"],"platforms":["Postmates","DoorDash","Uber Eats"]},{"name":"Domino's","open":"9:00 AM","close":"9:00 PM","time":18,"menu":["cheese pizza","pepperoni pizza","breadsticks","soda"],"platforms":["DoorDash","Uber Eats","GrubHub"]},{"name":"Ruby Tuesday","open":"10:00 AM","close":"9:00 PM","time":33,"menu":["Shrimp scampi","avocado toast","tilapia","steak"],"platforms":["Uber Eats","Instacart","Postmates"]},{"name":"Panera Bread","open":"8:00 AM","close":"10:00 PM","time":20,"menu":["bread bowl","cookie","fruit smoothie","panini","strawberry milkshake"],"platforms":["Postmates","Uber Eats","DoorDash"]},{"name":"Hanami","open":"10:00 AM","close":"12:00 AM","menu":["Roll"," Miso Soup"," Rice"],"platforms":["UberEats","GrubHub","DoorDash"],"time":16},{"name":"Maki Cafe","open":"11:00 AM","close":"1:00 AM","menu":["California Roll","Cucumber roll","Thai tea","Udon","Ramen"],"platforms":["Grubhub","Uber Eats"],"time":32},{"name":"The Greene Turtle","open":"7:00 AM","close":"12:30 AM","menu":["Strawberry milkshake","fries","chicken tenders"],"platforms":["GrubHub","DoorDash"],"time":19},{"name":"Starbucks","open":"6:00 AM","close":"11:00 PM","menu":["Coffee","Smoothie","Milkshake","Croissant"],"platforms":["GrubHub","Uber Eats","DoorDash"],"time":14},{"name":"Pike Kitchen","open":"8:00 AM","close":"1:00 AM","menu":["Bibimbop","Pho"," Tea"," Fried Chicken"],"platforms":["GrubHub","Uber Eats"," DoorDash"],"time":23}]}
